{
  "default": {
    "direction": {
      "x": 0.232788,
      "y": 0.200791,
      "z": 0.951574
    },
    "targetScale": {
      "x": -0.011213,
      "y": -0.007986,
      "z": 0.00858
    },
    "fitScale": 1.046048
  },
  "scenes": {
    "16539923_uhd_fps4": {
      "direction": {
        "x": 0.201307,
        "y": 0.578707,
        "z": 0.7903
      },
      "targetScale": {
        "x": -0.047877,
        "y": -0.081399,
        "z": 0.052401
      },
      "fitScale": 0.850685
    },
    "znz_20260430_11_fps3": {
      "direction": {
        "x": 0.27709,
        "y": 0.35792,
        "z": 0.891692
      },
      "targetScale": {
        "x": 0.0,
        "y": 0.0,
        "z": 0.0
      },
      "fitScale": 0.972754
    },
    "znz_20260430_18": {
      "direction": {
        "x": -0.143962,
        "y": 0.445187,
        "z": 0.883789
      },
      "targetScale": {
        "x": 0.008917,
        "y": -0.082658,
        "z": 0.025867
      },
      "fitScale": 0.751156
    },
    "3747862_uhd": {
      "direction": {
        "x": 0.253049,
        "y": -0.248111,
        "z": 0.935098
      },
      "targetScale": {
        "x": 0.002552,
        "y": -0.047741,
        "z": -0.018817
      },
      "fitScale": 1.295549
    },
    "boat_sailing__speedboat_motor__18031863": {
      "direction": {
        "x": 0.212153,
        "y": 0.098085,
        "z": 0.972302
      },
      "targetScale": {
        "x": 0.002308,
        "y": -0.024277,
        "z": 0.007273
      },
      "fitScale": 0.939228
    },
    "DE62PUU1FZg_0018150_0019950_seg0-1025": {
      "direction": {
        "x": -0.218049,
        "y": 0.272391,
        "z": 0.937154
      },
      "targetScale": {
        "x": -0.011213,
        "y": -0.007986,
        "z": 0.00858
      },
      "fitScale": 1.046048
    },
    "dyz_20260430_15": {
      "direction": {
        "x": 0.335395,
        "y": 0.138726,
        "z": 0.931807
      },
      "targetScale": {
        "x": -0.011213,
        "y": -0.007986,
        "z": 0.00858
      },
      "fitScale": 1.046048
    },
    "DjaOuqgRWGQ_0041828_0043628_seg0-1025_hstack": {
      "direction": {
        "x": -0.728397,
        "y": 0.509479,
        "z": 0.458115
      },
      "targetScale": {
        "x": -0.031028,
        "y": -0.047521,
        "z": 0.021041
      },
      "fitScale": 1.046048
    },
    "lIjGmjqyiZk_0102750_0104550_seg0-1025": {
      "direction": {
        "x": -0.184859,
        "y": 0.55479,
        "z": 0.811194
      },
      "targetScale": {
        "x": 0.022543,
        "y": -0.024393,
        "z": 0.019716
      },
      "fitScale": 1.046048
    },
    "wwm_20260430_11_fps4": {
      "direction": {
        "x": -0.3981,
        "y": 0.248352,
        "z": 0.883084
      },
      "targetScale": {
        "x": -0.111815,
        "y": -0.035659,
        "z": -0.022629
      },
      "fitScale": 1.658673
    }
  }
}
