{
  "default": {
    "direction": {
      "x": -0.210258,
      "y": 0.179858,
      "z": 0.960959
    },
    "targetScale": {
      "x": 0.0,
      "y": 0.0,
      "z": 0.0
    },
    "fitScale": 2.261559,
    "fieldOfView": 45
  },
  "scenes": {
    "underwater": {
      "direction": {
        "x": -0.200462,
        "y": 0.297136,
        "z": 0.933555
      },
      "targetScale": {
        "x": 0.0,
        "y": 0.0,
        "z": 0.0
      },
      "fitScale": 1.601038
    },
    "boat": {
      "direction": {
        "x": 0.151765,
        "y": 0.865462,
        "z": 0.477434
      },
      "targetScale": {
        "x": 0.047096,
        "y": 0.058637,
        "z": 0.127156
      },
      "fitScale": 0.861061,
      "fieldOfView": 26.433168
    },
    "robot": {
      "direction": {
        "x": -0.034201,
        "y": -0.315967,
        "z": 0.948154
      },
      "targetScale": {
        "x": -0.113399,
        "y": -0.199812,
        "z": 0.519299
      },
      "fitScale": 0.874278,
      "fieldOfView": 17.160661
    },
    "drone_tree": {
      "direction": {
        "x": 0.330313,
        "y": 0.621104,
        "z": 0.710721
      },
      "targetScale": {
        "x": 0.021401,
        "y": 0.029334,
        "z": 0.058158
      },
      "fitScale": 1.394627
    },
    "drone_far": {
      "fitScale": 1.632846
    },
    "concert": {
      "direction": {
        "x": -0.314838,
        "y": 0.118535,
        "z": -0.941715
      },
      "targetScale": {
        "x": -0.251986,
        "y": 0.016309,
        "z": -0.547677
      },
      "fitScale": 0.856674,
      "fieldOfView": 18.842797
    },
    "tunnel_moto": {
      "direction": {
        "x": -0.001538,
        "y": 0.13516,
        "z": 0.990823
      },
      "targetScale": {
        "x": -0.022268,
        "y": 0.035282,
        "z": 0.48204
      },
      "fitScale": 0.421219,
      "fieldOfView": 13.384352
    },
    "snowboard": {
      "direction": {
        "x": 0.103046,
        "y": -0.045087,
        "z": 0.993654
      },
      "targetScale": {
        "x": 0.051716,
        "y": -0.047203,
        "z": 0.494456
      },
      "fitScale": 0.352173,
      "fieldOfView": 12.271833
    }
  }
}
