{
  "default": {
    "direction": {
      "x": -0.210258,
      "y": 0.179858,
      "z": 0.960959
    },
    "targetScale": {
      "x": 0.0,
      "y": 0.0,
      "z": 0.0
    },
    "fitScale": 2.261559,
    "fieldOfView": 45
  },
  "scenes": {
    "underwater": {
      "direction": {
        "x": -0.200462,
        "y": 0.297136,
        "z": 0.933555
      },
      "targetScale": {
        "x": 0.0,
        "y": 0.0,
        "z": 0.0
      },
      "fitScale": 1.601038
    },
    "boat": {
      "direction": {
        "x": 0.151765,
        "y": 0.865462,
        "z": 0.477434
      },
      "targetScale": {
        "x": 0.047096,
        "y": 0.058637,
        "z": 0.127156
      },
      "fitScale": 0.861061,
      "fieldOfView": 26.433168
    },
    "robot": {
      "direction": {
        "x": -0.034201,
        "y": -0.315967,
        "z": 0.948154
      },
      "targetScale": {
        "x": -0.113399,
        "y": -0.199812,
        "z": 0.519299
      },
      "fitScale": 0.874278,
      "fieldOfView": 17.160661
    },
    "drone_tree": {
      "direction": {
        "x": 0.330313,
        "y": 0.621104,
        "z": 0.710721
      },
      "targetScale": {
        "x": 0.021401,
        "y": 0.029334,
        "z": 0.058158
      },
      "fitScale": 1.394627
    },
    "drone_far": {
      "fitScale": 1.632846
    },
    "concert": {
      "direction": {
        "x": -0.314838,
        "y": 0.118535,
        "z": -0.941715
      },
      "targetScale": {
        "x": -0.251986,
        "y": 0.016309,
        "z": -0.547677
      },
      "fitScale": 0.856674,
      "fieldOfView": 18.842797
    },
    "tunnel_moto": {
      "direction": {
        "x": -0.050708,
        "y": 0.111114,
        "z": 0.992513
      },
      "targetScale": {
        "x": -0.024531,
        "y": 0.029188,
        "z": 0.48015
      },
      "fitScale": 0.510949,
      "fieldOfView": 14.790682
    }
  }
}
