{
  "default": {
    "direction": {
      "x": -0.210258,
      "y": 0.179858,
      "z": 0.960959
    },
    "targetScale": {
      "x": 0.0,
      "y": 0.0,
      "z": 0.0
    },
    "fitScale": 2.261559
  },
  "scenes": {
    "underwater": {
      "direction": {
        "x": -0.200462,
        "y": 0.297136,
        "z": 0.933555
      },
      "targetScale": {
        "x": 0.0,
        "y": 0.0,
        "z": 0.0
      },
      "fitScale": 1.601038
    },
    "drone_tree": {
      "direction": {
        "x": -0.210258,
        "y": 0.179858,
        "z": 0.960959
      },
      "targetScale": {
        "x": 0.0,
        "y": 0.0,
        "z": 0.0
      },
      "fitScale": 2.261559
    }
  }
}
