{
  "default": {
    "direction": {
      "x": -0.210258,
      "y": 0.179858,
      "z": 0.960959
    },
    "targetScale": {
      "x": 0.0,
      "y": 0.0,
      "z": 0.0
    },
    "fitScale": 2.261559,
    "fieldOfView": 45
  },
  "scenes": {
    "underwater": {
      "direction": {
        "x": -0.200462,
        "y": 0.297136,
        "z": 0.933555
      },
      "targetScale": {
        "x": 0.0,
        "y": 0.0,
        "z": 0.0
      },
      "fitScale": 1.601038
    },
    "boat": {
      "direction": {
        "x": 0.151765,
        "y": 0.865462,
        "z": 0.477434
      },
      "targetScale": {
        "x": 0.047096,
        "y": 0.058637,
        "z": 0.127156
      },
      "fitScale": 0.861061,
      "fieldOfView": 26.433168
    },
    "drone_tree": {
      "direction": {
        "x": 0.330313,
        "y": 0.621104,
        "z": 0.710721
      },
      "targetScale": {
        "x": 0.021401,
        "y": 0.129334,
        "z": 0.058158
      },
      "fitScale": 1.267843
    }
  }
}
